{
  "files": [
    {
      "coverage": {
        "lines": {
          "count": 184,
          "covered": 158,
          "percent": 85.86956521739131
        }
      },
      "file": "src/auth/certificate.rs",
      "uncovered_lines": [
        "155-156",
        "158",
        "161",
        "163-165",
        "168",
        "170-172",
        "174-175",
        "178",
        "180"
      ]
    },
    {
      "coverage": {
        "lines": {
          "count": 316,
          "covered": 307,
          "percent": 97.15189873417722
        }
      },
      "file": "src/auth/jwt.rs",
      "uncovered_lines": []
    },
    {
      "coverage": {
        "lines": {
          "count": 1098,
          "covered": 133,
          "percent": 12.112932604735883
        }
      },
      "file": "src/client.rs",
      "uncovered_lines": [
        "80-82",
        "85",
        "113-115",
        "123-125",
        "132-134",
        "141-143",
        "233-235",
        "253",
        "279-281",
        "296-297",
        "390-395",
        "399",
        "402-406",
        "409-412",
        "418",
        "420-425",
        "428",
        "431",
        "436-437",
        "439-440",
        "448-450",
        "453-455",
        "458-460",
        "465-467",
        "501-507",
        "517-523",
        "525",
        "527-528",
        "530-532",
        "534",
        "536",
        "538",
        "540-541",
        "545-550",
        "552",
        "554",
        "556-559",
        "561",
        "563",
        "566-567",
        "569",
        "572-573",
        "577",
        "579",
        "581",
        "586-589",
        "591",
        "594-600",
        "602-605",
        "607",
        "610-612",
        "616-617",
        "619",
        "621-622",
        "629",
        "631",
        "635-636",
        "639",
        "643-646",
        "648-649",
        "652",
        "655-658",
        "660-661",
        "664",
        "667-668",
        "671-676",
        "699",
        "701",
        "703-706",
        "708-709",
        "714",
        "717-719",
        "721",
        "728-729",
        "732-736",
        "739-740",
        "742-743",
        "745",
        "748",
        "750",
        "752-755",
        "757-758",
        "763",
        "766-768",
        "772-773",
        "776-777",
        "779-781",
        "784-786",
        "788-791",
        "793-797",
        "800",
        "802",
        "804-805",
        "807",
        "810",
        "813",
        "816-818",
        "820-821",
        "831-832",
        "834-835",
        "840",
        "842-845",
        "847-848",
        "851-852",
        "854-855",
        "858-859",
        "861-862",
        "866",
        "877-881",
        "885",
        "888",
        "890-891",
        "895-896",
        "898-900",
        "902",
        "910",
        "914",
        "917-919",
        "921-925",
        "930-931",
        "934",
        "936",
        "938",
        "940",
        "942",
        "945",
        "948-952",
        "955-956",
        "958",
        "962",
        "965-968",
        "973-974",
        "977",
        "980",
        "982",
        "984-985",
        "988",
        "991-993",
        "998",
        "1000",
        "1004",
        "1006",
        "1012",
        "1015-1020",
        "1024",
        "1026-1027",
        "1029-1031",
        "1035",
        "1037",
        "1043",
        "1049",
        "1051",
        "1054-1056",
        "1058",
        "1060-1061",
        "1066-1071",
        "1073",
        "1075-1077",
        "1080",
        "1087-1089",
        "1094",
        "1098-1099",
        "1106-1108",
        "1110",
        "1112-1113",
        "1115-1116",
        "1123",
        "1126",
        "1129-1130",
        "1135-1136",
        "1140-1141",
        "1148",
        "1150-1151",
        "1158-1159",
        "1164-1165",
        "1169-1172",
        "1174",
        "1177",
        "1179",
        "1187-1188",
        "1190",
        "1197",
        "1204",
        "1206",
        "1210",
        "1213-1218",
        "1222",
        "1226-1229",
        "1233-1234",
        "1236",
        "1238",
        "1240-1242",
        "1244",
        "1246-1252",
        "1257-1263",
        "1269",
        "1276",
        "1278",
        "1284",
        "1290-1291",
        "1295-1297",
        "1303-1307",
        "1312",
        "1314-1315",
        "1317-1319",
        "1323",
        "1325",
        "1330",
        "1334-1335",
        "1339-1341",
        "1343-1344",
        "1349-1352",
        "1356-1360",
        "1366",
        "1373",
        "1375-1376",
        "1378-1379",
        "1381-1382",
        "1384-1385",
        "1387",
        "1393",
        "1396",
        "1398",
        "1402",
        "1405-1413",
        "1417-1418",
        "1420-1423",
        "1427",
        "1429-1430",
        "1432-1435",
        "1437-1439",
        "1441",
        "1443-1450",
        "1453-1455",
        "1457-1459",
        "1461",
        "1463",
        "1469",
        "1473",
        "1475",
        "1480",
        "1483",
        "1485",
        "1492-1500",
        "1504-1505",
        "1507-1510",
        "1514",
        "1516-1517",
        "1519-1522",
        "1524-1528",
        "1531-1537",
        "1539-1541",
        "1543",
        "1545",
        "1548-1549",
        "1551-1552",
        "1558",
        "1562",
        "1564-1566",
        "1568",
        "1572-1575",
        "1577-1579",
        "1581-1584",
        "1586-1589",
        "1591",
        "1594-1600",
        "1602-1605",
        "1622",
        "1625-1626",
        "1628",
        "1630-1631",
        "1633-1636",
        "1638-1639",
        "1641-1642",
        "1645-1646",
        "1652",
        "1655-1657",
        "1659",
        "1661",
        "1664",
        "1666-1668",
        "1670",
        "1672-1673",
        "1675",
        "1677-1682",
        "1685-1686"
      ]
    },
    {
      "coverage": {
        "lines": {
          "count": 43,
          "covered": 43,
          "percent": 100.0
        }
      },
      "file": "src/error.rs",
      "uncovered_lines": []
    },
    {
      "coverage": {
        "lines": {
          "count": 45,
          "covered": 43,
          "percent": 95.55555555555556
        }
      },
      "file": "src/manifest/canonical.rs",
      "uncovered_lines": []
    },
    {
      "coverage": {
        "lines": {
          "count": 655,
          "covered": 484,
          "percent": 73.89312977099237
        }
      },
      "file": "src/manifest/manifest.rs",
      "uncovered_lines": [
        "274",
        "276-277",
        "363",
        "370",
        "408-413",
        "415",
        "417",
        "423-428",
        "438-443",
        "449",
        "451-461",
        "466-467",
        "469",
        "516-519",
        "548",
        "567",
        "569-573",
        "575",
        "590-595",
        "605",
        "610-638",
        "655-656",
        "678-680",
        "755",
        "758",
        "767-768",
        "770",
        "772-775",
        "805-806",
        "812",
        "842-843",
        "849",
        "856"
      ]
    },
    {
      "coverage": {
        "lines": {
          "count": 1011,
          "covered": 961,
          "percent": 95.05440158259148
        }
      },
      "file": "src/sdl/groupspec.rs",
      "uncovered_lines": [
        "70",
        "72",
        "93",
        "121-122",
        "132",
        "182",
        "184",
        "251-252",
        "285",
        "305",
        "327",
        "352-353",
        "355",
        "419-424",
        "426-434",
        "490",
        "492",
        "494-496"
      ]
    },
    {
      "coverage": {
        "lines": {
          "count": 127,
          "covered": 120,
          "percent": 94.48818897637796
        }
      },
      "file": "src/sdl/sdl.rs",