{
  "files": [
    {
      "coverage": {
        "lines": {
          "count": 184,
          "covered": 158,
          "percent": 85.86956521739131
        }
      },
      "file": "src/auth/certificate.rs",
      "uncovered_lines": [
        "155-156",
        "158",
        "161",
        "163-165",
        "168",
        "170-172",
        "174-175",
        "178",
        "180"
      ]
    },
    {
      "coverage": {
        "lines": {
          "count": 316,
          "covered": 307,
          "percent": 97.15189873417722
        }
      },
      "file": "src/auth/jwt.rs",
      "uncovered_lines": []
    },
    {
      "coverage": {
        "lines": {
          "count": 824,
          "covered": 0,
          "percent": 0.0
        }
      },
      "file": "src/client.rs",
      "uncovered_lines": [
        "77-79",
        "82",
        "99-100",
        "106",
        "108",
        "110-111",
        "113-115",
        "117",
        "119",
        "121",
        "123",
        "125-127",
        "131",
        "181",
        "185",
        "187-189",
        "192",
        "195-196",
        "198",
        "201-203",
        "205",
        "207-209",
        "214",
        "217",
        "219",
        "222",
        "225",
        "228-229",
        "231",
        "234-237",
        "241",
        "249-254",
        "258",
        "261-265",
        "268-271",
        "277",
        "279-284",
        "287",
        "290",
        "295-296",
        "298-299",
        "302-304",
        "307-309",
        "312-314",
        "317-319",
        "322-324",
        "327-329",
        "339-342",
        "344-346",
        "348-352",
        "354-356",
        "361-367",
        "377-383",
        "385",
        "387-388",
        "391",
        "395-398",
        "400-401",
        "404",
        "407-410",
        "412-413",
        "416",
        "419-420",
        "423-428",
        "433-434",
        "438-439",
        "441",
        "443-444",
        "446",
        "448-449",
        "451",
        "453-455",
        "460",
        "463-465",
        "467",
        "474-475",
        "478-482",
        "485-486",
        "488-489",
        "491",
        "494",
        "496-498",
        "503",
        "506-508",
        "512-513",
        "516-517",
        "519-521",
        "524-526",
        "528-531",
        "533-537",
        "540",
        "542",
        "544-545",
        "547",
        "551",
        "554-556",
        "558-559",
        "569-570",
        "573",
        "575-579",
        "582",
        "585",
        "587-588",
        "592-593",
        "595-596",
        "598",
        "606",
        "610",
        "613-615",
        "617-621",
        "626-627",
        "630",
        "632",
        "634",
        "636",
        "638",
        "641",
        "644-648",
        "651-652",
        "654",
        "658",
        "661-664",
        "669-670",
        "673",
        "676",
        "678",
        "680-681",
        "684",
        "687-689",
        "694",
        "696",
        "700",
        "702",
        "708",
        "711-716",
        "720",
        "722-723",
        "725-727",
        "731",
        "733",
        "739",
        "745",
        "747-750",
        "755",
        "760-763",
        "769-774",
        "779",
        "781-782",
        "786-789",
        "793",
        "795",
        "797-798",
        "804",
        "806",
        "810",
        "814-819",
        "823-826",
        "830",
        "832-833",
        "835-837",
        "841",
        "843",
        "849",
        "855-856",
        "860-862",
        "868-872",
        "877",
        "879-880",
        "882-884",
        "888",
        "890",
        "895",
        "899-900",
        "905-908",
        "912",
        "914-915",
        "917-919",
        "923",
        "925-926",
        "928-929",
        "931-932",
        "934-935",
        "937",
        "943",
        "945",
        "947",
        "953-960",
        "962-966",
        "969",
        "971-972",
        "974-977",
        "980",
        "985-987",
        "990-991",
        "995",
        "997-998",
        "1000",
        "1005",
        "1007",
        "1009",
        "1017-1024",
        "1026-1028",
        "1031-1033",
        "1035-1036",
        "1038-1039",
        "1042-1044",
        "1049-1051",
        "1054-1055",
        "1059",
        "1062-1064",
        "1066-1067",
        "1069-1071",
        "1073",
        "1077",
        "1083-1084",
        "1086-1088",
        "1090",
        "1093-1094",
        "1096",
        "1098-1099",
        "1101",
        "1104-1106",
        "1108",
        "1110-1111",
        "1125",
        "1128-1129",
        "1131",
        "1133",
        "1135-1138",
        "1140-1141",
        "1143-1144",
        "1147-1148",
        "1151",
        "1154-1156",
        "1158",
        "1160",
        "1163",
        "1165-1167",
        "1169",
        "1171-1172",
        "1174-1176",
        "1179-1180"
      ]
    },
    {
      "coverage": {
        "lines": {
          "count": 43,
          "covered": 43,
          "percent": 100.0
        }
      },
      "file": "src/error.rs",
      "uncovered_lines": []
    },
    {
      "coverage": {
        "lines": {
          "count": 45,
          "covered": 43,
          "percent": 95.55555555555556
        }
      },
      "file": "src/manifest/canonical.rs",
      "uncovered_lines": []
    },
    {
      "coverage": {
        "lines": {
          "count": 568,
          "covered": 459,
          "percent": 80.80985915492957
        }
      },
      "file": "src/manifest/manifest.rs",
      "uncovered_lines": [
        "277",
        "279-280",
        "353",
        "391-396",
        "398",
        "400",
        "406-411",
        "421-426",
        "432",
        "434-444",
        "449-450",
        "452",
        "508-511",
        "544-545",
        "567-569",
        "644",
        "647",
        "656-657",
        "659",
        "661-664",
        "694-695",
        "701",
        "731-732",
        "738",
        "745"
      ]
    },
    {
      "coverage": {
        "lines": {
          "count": 928,
          "covered": 899,
          "percent": 96.875
        }
      },
      "file": "src/sdl/groupspec.rs",
      "uncovered_lines": [
        "70",
        "72",
        "93",
        "118-119",
        "129",
        "179",
        "181",
        "235-236",
        "272-273",
        "275",
        "387",
        "389",
        "391-393"
      ]
    },
    {
      "coverage": {
        "lines": {
          "count": 127,
          "covered": 120,
          "percent": 94.48818897637796
        }
      },
      "file": "src/sdl/sdl.rs",
      "uncovered_lines": []
    },
    {
      "coverage": {
        "lines": {
          "count": 250,
          "covered": 248,
          "percent": 99.2
        }
      },
      "file": "src/sdl/template.rs",
      "uncovered_lines": []
    },
    {
      "coverage": {
        "lines": {
          "count": 141,
          "covered": 141,
          "percent": 100.0
        }
      },
      "file": "src/state.rs",
      "uncovered_lines": []
    },
    {
      "coverage": {
        "lines": {
          "count": 145,
          "covered": 125,
          "percent": 86.20689655172413
        }
      },
      "file": "src/store/file_backed.rs",
      "uncovered_lines": [
        "20-25",
        "32-33",
        "55",
        "58",
        "63",
        "77",
        "80",
        "90",
        "95",
        "113"
      ]
    },
    {
      "coverage": {
        "lines": {
          "count": 402,
          "covered": 369,
          "percent": 91.7910447761194
        }
      },
      "file": "src/store/file_backed_session.rs",