{
  "files": [
    {
      "coverage": {
        "lines": {
          "count": 45,
          "covered": 43,
          "percent": 95.55555555555556
        }
      },
      "file": "src/canonical.rs",
      "uncovered_lines": []
    },
    {
      "coverage": {
        "lines": {
          "count": 184,
          "covered": 158,
          "percent": 85.86956521739131
        }
      },
      "file": "src/certificate.rs",
      "uncovered_lines": [
        "155-156",
        "158",
        "161",
        "163-165",
        "168",
        "170-172",
        "174-175",
        "178",
        "180"
      ]
    },
    {
      "coverage": {
        "lines": {
          "count": 743,
          "covered": 0,
          "percent": 0.0
        }
      },
      "file": "src/client.rs",
      "uncovered_lines": [
        "83",
        "89",
        "91",
        "93-94",
        "96-98",
        "100",
        "102",
        "104",
        "106",
        "108-110",
        "114",
        "161",
        "164",
        "166-168",
        "171-173",
        "175",
        "177-178",
        "184",
        "187",
        "189",
        "192",
        "195",
        "198-199",
        "201",
        "204-206",
        "210",
        "218-222",
        "226",
        "232",
        "234-238",
        "241",
        "244",
        "249-250",
        "252-253",
        "256-258",
        "261-263",
        "266-268",
        "271-273",
        "276-278",
        "281-283",
        "294-300",
        "302",
        "304-305",
        "308",
        "312-315",
        "317-318",
        "321",
        "324-327",
        "329-330",
        "333",
        "336-337",
        "340-345",
        "350-351",
        "355-356",
        "358",
        "360-361",
        "363",
        "365-366",
        "368",
        "370-372",
        "377",
        "380-382",
        "384",
        "391-392",
        "395-399",
        "402-403",
        "405-406",
        "408",
        "411",
        "413-415",
        "420",
        "423-425",
        "429-430",
        "433-434",
        "436-438",
        "441-443",
        "445-448",
        "450-454",
        "457",
        "459",
        "461-462",
        "464",
        "468",
        "471-473",
        "475-476",
        "486-487",
        "490",
        "492-496",
        "499",
        "502",
        "504-505",
        "509-510",
        "512-513",
        "515",
        "523",
        "527",
        "530-532",
        "534-538",
        "543-544",
        "547",
        "549",
        "551",
        "553",
        "555",
        "558",
        "561-565",
        "568-569",
        "571",
        "575",
        "578-581",
        "586-587",
        "590",
        "593",
        "595",
        "597-598",
        "601",
        "604-606",
        "611",
        "613",
        "617",
        "619",
        "625",
        "629-631",
        "637-638",
        "643-646",
        "648",
        "650-651",
        "653-655",
        "659",
        "661",
        "667",
        "673",
        "676",
        "678",
        "680",
        "682-683",
        "686",
        "688",
        "694",
        "697",
        "703-705",
        "712-714",
        "721-723",
        "726-729",
        "731",
        "733-734",
        "738-741",
        "745",
        "747",
        "749-750",
        "756",
        "758",
        "762",
        "766-771",
        "776",
        "782-784",
        "787-790",
        "792",
        "794-795",
        "797-799",
        "803",
        "805",
        "811",
        "817-818",
        "823-825",
        "832-833",
        "840-842",
        "845-848",
        "850",
        "852-853",
        "855-857",
        "861",
        "863",
        "868",
        "872-873",
        "878",
        "884-886",
        "889-892",
        "894",
        "896-897",
        "899-901",
        "905",
        "907",
        "914",
        "916",
        "919",
        "921",
        "927-930",
        "933",
        "936-938",
        "941-942",
        "946",
        "948-949",
        "951",
        "957",
        "959",
        "962",
        "964",
        "972-973",
        "976",
        "979-981",
        "984-985",
        "989",
        "992-994",
        "996-997",
        "999-1001",
        "1003",
        "1007",
        "1013-1014",
        "1016-1018",
        "1020",
        "1023-1024",
        "1026",
        "1028-1029",
        "1031",
        "1034-1036",
        "1038",
        "1040-1041",
        "1055",
        "1058-1059",
        "1061",
        "1063",
        "1065-1068",
        "1070-1071",
        "1073-1074",
        "1077-1078",
        "1081",
        "1084-1086",
        "1088",
        "1090",
        "1093",
        "1095-1097",
        "1099",
        "1101-1102",
        "1104-1106",
        "1109-1110"
      ]
    },
    {
      "coverage": {
        "lines": {
          "count": 124,
          "covered": 124,
          "percent": 100.0
        }
      },
      "file": "src/deployment_store.rs",
      "uncovered_lines": []
    },
    {
      "coverage": {
        "lines": {
          "count": 147,
          "covered": 125,
          "percent": 85.03401360544217
        }
      },
      "file": "src/deployment_store/file_backed.rs",
      "uncovered_lines": [
        "20-25",
        "32-33",
        "55",
        "58",
        "63",
        "77",
        "80",
        "90-92",
        "97",
        "115"
      ]
    },
    {
      "coverage": {
        "lines": {
          "count": 43,
          "covered": 43,
          "percent": 100.0
        }
      },
      "file": "src/error.rs",
      "uncovered_lines": []
    },
    {
      "coverage": {
        "lines": {
          "count": 936,
          "covered": 909,
          "percent": 97.1153846153846
        }
      },
      "file": "src/groupspec.rs",
      "uncovered_lines": [
        "70",
        "72",
        "119-120",
        "185",
        "187",
        "241-242",
        "278-279",
        "281",
        "393",
        "395",
        "397-399"
      ]
    },
    {
      "coverage": {
        "lines": {
          "count": 316,
          "covered": 307,
          "percent": 97.15189873417722
        }
      },
      "file": "src/jwt.rs",
      "uncovered_lines": []
    },
    {
      "coverage": {
        "lines": {
          "count": 568,
          "covered": 459,
          "percent": 80.80985915492957
        }
      },
      "file": "src/manifest.rs",
      "uncovered_lines": [
        "277",
        "279-280",
        "353",
        "391-396",
        "398",
        "400",
        "406-411",
        "421-426",
        "432",
        "434-444",
        "449-450",
        "452",
        "508-511",
        "544-545",
        "567-569",
        "644",
        "647",
        "656-657",
        "659",
        "661-664",
        "694-695",
        "701",
        "731-732",
        "738",
        "745"
      ]
    },
    {
      "coverage": {
        "lines": {
          "count": 127,
          "covered": 120,
          "percent": 94.48818897637796
        }
      },
      "file": "src/sdl.rs",
      "uncovered_lines": []
    },
    {
      "coverage": {
        "lines": {
          "count": 140,
          "covered": 140,
          "percent": 100.0
        }
      },
      "file": "src/state.rs",
      "uncovered_lines": []
    },
    {
      "coverage": {
        "lines": {
          "count": 392,
          "covered": 359,
          "percent": 91.58163265306123
        }
      },
      "file": "src/storage/file_backed.rs",
      "uncovered_lines": [
        "68-73",
        "143",
        "200-201",
        "235",
        "239",
        "258",
        "261",
        "280",
        "290",
        "303",
        "313"
      ]
    },
    {
      "coverage": {
        "lines": {
          "count": 250,
          "covered": 248,
          "percent": 99.2
        }
      },
      "file": "src/template.rs",