{
  "files": [
    {
      "coverage": {
        "lines": {
          "count": 46,
          "covered": 44,
          "percent": 95.65217391304348
        }
      },
      "file": "src/canonical.rs",
      "uncovered_lines": []
    },
    {
      "coverage": {
        "lines": {
          "count": 163,
          "covered": 158,
          "percent": 96.93251533742333
        }
      },
      "file": "src/certificate.rs",
      "uncovered_lines": []
    },
    {
      "coverage": {
        "lines": {
          "count": 734,
          "covered": 0,
          "percent": 0.0
        }
      },
      "file": "src/client.rs",
      "uncovered_lines": [
        "83",
        "89",
        "91",
        "93-94",
        "96-98",
        "100",
        "102",
        "104",
        "106",
        "108-110",
        "114",
        "161",
        "164",
        "166-168",
        "171-173",
        "175",
        "177-178",
        "184",
        "187",
        "189",
        "192",
        "195",
        "198-199",
        "201",
        "204-206",
        "210",
        "218-222",
        "226",
        "232",
        "234-238",
        "241",
        "244",
        "249-250",
        "252-253",
        "256-258",
        "261-263",
        "266-268",
        "271-273",
        "276-278",
        "281-283",
        "294-300",
        "302",
        "304-305",
        "308",
        "312-315",
        "317-318",
        "321",
        "324-327",
        "329-330",
        "333",
        "336-337",
        "340-345",
        "350-351",
        "355-356",
        "358",
        "360-361",
        "363",
        "365-366",
        "368",
        "370-372",
        "377",
        "380-382",
        "384",
        "391-392",
        "395-399",
        "402-403",
        "405-406",
        "408",
        "411",
        "413-415",
        "420",
        "423-425",
        "429-430",
        "433-434",
        "436-438",
        "441-443",
        "445-448",
        "450-454",
        "457",
        "459",
        "461-462",
        "464",
        "468",
        "471-473",
        "475-476",
        "486-487",
        "490",
        "492-496",
        "499",
        "502",
        "504-505",
        "509-510",
        "512-513",
        "515",
        "523",
        "527",
        "530-532",
        "534-538",
        "543-544",
        "547",
        "549",
        "551",
        "553",
        "555",
        "558",
        "561-565",
        "568-569",
        "571",
        "575",
        "578-581",
        "586-587",
        "590",
        "593",
        "595",
        "597-598",
        "601",
        "604-606",
        "611",
        "613",
        "617",
        "619",
        "625",
        "629-631",
        "637-638",
        "643-646",
        "648",
        "650-651",
        "653-655",
        "659",
        "661",
        "667",
        "676",
        "679",
        "682",
        "688-690",
        "699-701",
        "708-710",
        "713-716",
        "718",
        "720-721",
        "725-728",
        "732",
        "734",
        "736-737",
        "743",
        "745",
        "749",
        "753-758",
        "763",
        "769-771",
        "774-777",
        "779",
        "781-782",
        "784-786",
        "790",
        "792",
        "798",
        "804-805",
        "810-812",
        "819-820",
        "827-829",
        "832-835",
        "837",
        "839-840",
        "842-844",
        "848",
        "850",
        "855",
        "859-860",
        "865",
        "871-873",
        "876-879",
        "881",
        "883-884",
        "886-888",
        "892",
        "894",
        "901",
        "903",
        "906",
        "908",
        "914-917",
        "920",
        "923-925",
        "928-929",
        "933",
        "935-936",
        "938",
        "944",
        "946",
        "949",
        "951",
        "959-960",
        "963",
        "966-968",
        "971-972",
        "976",
        "979-981",
        "983-984",
        "986-988",
        "990",
        "994",
        "1000-1001",
        "1003-1005",
        "1007",
        "1010-1011",
        "1013",
        "1015-1016",
        "1018",
        "1021-1023",
        "1025",
        "1027-1028",
        "1042",
        "1045-1046",
        "1048",
        "1050",
        "1052-1055",
        "1057-1058",
        "1060-1061",
        "1064-1065",
        "1068",
        "1071-1073",
        "1075",
        "1077",
        "1080",
        "1082-1084",
        "1086",
        "1088-1089",
        "1091-1093",
        "1096-1097"
      ]
    },
    {
      "coverage": {
        "lines": {
          "count": 43,
          "covered": 43,
          "percent": 100.0
        }
      },
      "file": "src/error.rs",
      "uncovered_lines": []
    },
    {
      "coverage": {
        "lines": {
          "count": 308,
          "covered": 299,
          "percent": 97.07792207792208
        }
      },
      "file": "src/jwt.rs",
      "uncovered_lines": []
    },
    {
      "coverage": {
        "lines": {
          "count": 526,
          "covered": 432,
          "percent": 82.12927756653993
        }
      },
      "file": "src/manifest.rs",
      "uncovered_lines": [
        "262",
        "279",
        "281",
        "285",
        "311",
        "376-378",
        "380",
        "382",
        "388-390",
        "400-405",
        "411",
        "413-423",
        "428-429",
        "431",
        "484-487",
        "542-544",
        "610",
        "613",
        "619-620",
        "622",
        "624-627",
        "652-653",
        "657",
        "687-688",
        "694",
        "701"
      ]
    },
    {
      "coverage": {
        "lines": {
          "count": 127,
          "covered": 120,
          "percent": 94.48818897637796
        }
      },
      "file": "src/sdl.rs",
      "uncovered_lines": []
    },
    {
      "coverage": {
        "lines": {
          "count": 143,
          "covered": 143,
          "percent": 100.0
        }
      },
      "file": "src/state.rs",
      "uncovered_lines": []
    },
    {
      "coverage": {
        "lines": {
          "count": 191,
          "covered": 111,
          "percent": 58.1151832460733
        }
      },
      "file": "src/storage/file_backed.rs",
      "uncovered_lines": [
        "68-73",
        "137-144",
        "155",
        "157",
        "159-160",
        "171",
        "173",
        "175-177",
        "184-187",
        "189",
        "191",
        "193-194",
        "197-201",
        "203",
        "205",
        "207-208",
        "233",
        "237",
        "256",
        "259",
        "278",
        "288",
        "301",
        "311",
        "317",
        "321",
        "326",
        "328",
        "330",
        "335",
        "340",
        "342"
      ]
    },
    {
      "coverage": {
        "lines": {
          "count": 256,
          "covered": 254,
          "percent": 99.21875
        }
      },
      "file": "src/template.rs",
      "uncovered_lines": []
    },
    {
      "coverage": {
        "lines": {
          "count": 110,
          "covered": 110,
          "percent": 100.0
        }
      },
      "file": "src/types.rs",
      "uncovered_lines": []
    },
    {
      "coverage": {
        "lines": {
          "count": 1224,
          "covered": 1069,
          "percent": 87.33660130718954
        }
      },
      "file": "src/workflow.rs",